-- phpMyAdmin SQL Dump
-- version 3.3.7deb7
-- http://www.phpmyadmin.net
--
-- Servidor: localhost
-- Tempo de Geração: Dez 01, 2012 as 03:17 PM
-- Versão do Servidor: 5.1.63
-- Versão do PHP: 5.3.3-7+squeeze14

SET SQL_MODE="NO_AUTO_VALUE_ON_ZERO";


/*!40101 SET @OLD_CHARACTER_SET_CLIENT=@@CHARACTER_SET_CLIENT */;
/*!40101 SET @OLD_CHARACTER_SET_RESULTS=@@CHARACTER_SET_RESULTS */;
/*!40101 SET @OLD_COLLATION_CONNECTION=@@COLLATION_CONNECTION */;
/*!40101 SET NAMES utf8 */;

--
-- Banco de Dados: `flanelasys`
--

-- --------------------------------------------------------

--
-- Estrutura da tabela `fla_clientes`
--

CREATE TABLE IF NOT EXISTS `fla_clientes` (
  `cod_cliente` int(10) unsigned NOT NULL AUTO_INCREMENT,
  `nom_cliente` varchar(100) DEFAULT NULL,
  `cpf_cnpj_cliente` varchar(14) NOT NULL DEFAULT '0',
  `insc_municipal_cliente` varchar(14) NOT NULL DEFAULT '0',
  `insc_estadual_cliente` varchar(14) NOT NULL DEFAULT '0',
  `email_cliente` varchar(150) NOT NULL,
  `cep_cliente` varchar(9) NOT NULL DEFAULT '00000-000',
  `tip_rua_cliente` varchar(15) NOT NULL DEFAULT 'Rua',
  `des_end_cliente` varchar(200) NOT NULL,
  `num_end_cliente` int(6) NOT NULL DEFAULT '0',
  `com_end_cliente` varchar(150) NOT NULL,
  `bairro_end_cliente` varchar(150) NOT NULL,
  `estado_cliente` varchar(2) NOT NULL DEFAULT 'SC',
  `cidade_cliente` varchar(200) NOT NULL DEFAULT 'Blumenau',
  `tipo_cliente` varchar(1) NOT NULL DEFAULT 'R',
  `des_cor` int(6) DEFAULT NULL,
  `des_placa` varchar(8) NOT NULL,
  `cod_modelo` int(6) DEFAULT NULL,
  `cod_marca` int(6) DEFAULT NULL,
  `num_telefone` bigint(15) NOT NULL,
  `num_celular` bigint(15) NOT NULL,
  `ind_ativo` int(1) NOT NULL DEFAULT '1',
  `des_observacao` text NOT NULL,
  `tip_mensalidade` int(6) NOT NULL DEFAULT '0',
  `dat_contratacao` date NOT NULL,
  `dia_vencimento` int(2) NOT NULL,
  PRIMARY KEY (`cod_cliente`)
) ENGINE=MyISAM DEFAULT CHARSET=latin1 AUTO_INCREMENT=1 ;

--
-- Extraindo dados da tabela `fla_clientes`
--


-- --------------------------------------------------------

--
-- Estrutura da tabela `fla_cores`
--

CREATE TABLE IF NOT EXISTS `fla_cores` (
  `cod_cor` int(6) NOT NULL,
  `des_cor` varchar(100) DEFAULT NULL,
  PRIMARY KEY (`cod_cor`)
) ENGINE=MyISAM DEFAULT CHARSET=latin1;

--
-- Extraindo dados da tabela `fla_cores`
--

INSERT INTO `fla_cores` (`cod_cor`, `des_cor`) VALUES
(1, 'Amarela'),
(2, 'Azul'),
(3, 'Bege'),
(4, 'Bordo'),
(5, 'Branca'),
(6, 'Champagne'),
(7, 'Cinza'),
(8, 'Dourada'),
(9, 'Grafite'),
(17, 'Laranja'),
(10, 'Marrom'),
(11, 'Ouro'),
(12, 'Prata'),
(13, 'Preta'),
(18, 'Rosa'),
(14, 'Roxa'),
(15, 'Verde'),
(16, 'Vermelha'),
(0, 'Rosa Choque');

-- --------------------------------------------------------

--
-- Estrutura da tabela `fla_descontos`
--

CREATE TABLE IF NOT EXISTS `fla_descontos` (
  `cod_desconto` int(6) NOT NULL AUTO_INCREMENT,
  `des_desconto` varchar(50) NOT NULL,
  `val_desconto` decimal(5,2) DEFAULT NULL,
  PRIMARY KEY (`cod_desconto`)
) ENGINE=MyISAM  DEFAULT CHARSET=latin1 AUTO_INCREMENT=4 ;

--
-- Extraindo dados da tabela `fla_descontos`
--

INSERT INTO `fla_descontos` (`cod_desconto`, `des_desconto`, `val_desconto`) VALUES
(0, 'Teatro', '3.00'),
(2, 'Cliente Vip', '1.00'),
(3, 'Bancario', '2.00');

-- --------------------------------------------------------

--
-- Estrutura da tabela `fla_empresas`
--

CREATE TABLE IF NOT EXISTS `fla_empresas` (
  `cod_empresa` int(6) NOT NULL AUTO_INCREMENT,
  `nom_fantasia` varchar(400) NOT NULL,
  `raz_social` varchar(400) NOT NULL,
  `num_cnpj` bigint(14) NOT NULL,
  `num_ie` int(9) NOT NULL,
  `num_insc_municipal` int(15) DEFAULT NULL,
  `cep_empresa` int(8) NOT NULL,
  `des_endereco` varchar(250) NOT NULL,
  `des_bairro` varchar(250) NOT NULL,
  `des_estado` varchar(2) NOT NULL,
  `des_cidade` varchar(250) NOT NULL,
  `num_telefone` int(15) NOT NULL,
  `num_celular` int(15) NOT NULL,
  `tip_empresa` varchar(1) NOT NULL DEFAULT 'M',
  `ind_disponivel` int(1) NOT NULL DEFAULT '1',
  PRIMARY KEY (`cod_empresa`)
) ENGINE=MyISAM  DEFAULT CHARSET=latin1 AUTO_INCREMENT=6 ;

--
-- Extraindo dados da tabela `fla_empresas`
--

INSERT INTO `fla_empresas` (`cod_empresa`, `nom_fantasia`, `raz_social`, `num_cnpj`, `num_ie`, `num_insc_municipal`, `cep_empresa`, `des_endereco`, `des_bairro`, `des_estado`, `des_cidade`, `num_telefone`, `num_celular`, `tip_empresa`, `ind_disponivel`) VALUES
(4, 'Hermann''s Park', 'Hermann''s Park Estacionamento Ltda ME', 81606949000131, 0, 74237, 89040400, 'Rua Eng Rodolfo Ferraz, 293', 'Centro', 'SC', 'Blumenau', 2147483647, 2147483647, 'M', 1);

-- --------------------------------------------------------

--
-- Estrutura da tabela `fla_marcas`
--

CREATE TABLE IF NOT EXISTS `fla_marcas` (
  `cod_marca` int(10) unsigned NOT NULL AUTO_INCREMENT,
  `des_marca` varchar(50) DEFAULT NULL,
  `ind_disponivel` int(1) DEFAULT '1',
  `ind_popular` int(1) DEFAULT '0',
  PRIMARY KEY (`cod_marca`)
) ENGINE=MyISAM  DEFAULT CHARSET=latin1 AUTO_INCREMENT=157 ;

--
-- Extraindo dados da tabela `fla_marcas`
--

INSERT INTO `fla_marcas` (`cod_marca`, `des_marca`, `ind_disponivel`, `ind_popular`) VALUES
(3, 'Alfa Romeo', 0, 0),
(4, 'AM Gen', 0, 0),
(5, 'Asia Motors', 0, 0),
(6, 'Audi', 0, 0),
(7, 'BMW', 0, 0),
(8, 'BRM', 0, 0),
(9, 'Buggy', 0, 0),
(12, 'Chrysler', 0, 0),
(13, 'Citroën', 1, 0),
(14, 'Cross Lander', 0, 0),
(15, 'Daewoo', 0, 0),
(16, 'Daihatsu', 0, 0),
(17, 'Dodge', 0, 0),
(18, 'Engesa', 0, 0),
(19, 'Envemo', 0, 0),
(20, 'Ferrari', 0, 0),
(21, 'Fiat', 1, 1),
(22, 'Ford', 1, 0),
(23, 'Chevrolet', 1, 0),
(24, 'Gurgel', 0, 0),
(25, 'Honda', 1, 0),
(26, 'Hyundai', 0, 0),
(27, 'Isuzu', 0, 0),
(28, 'Jaguar', 0, 0),
(29, 'Jeep', 0, 0),
(31, 'Kia Motors', 0, 0),
(32, 'Lada', 0, 0),
(33, 'Land Rover', 0, 0),
(34, 'Lexus', 0, 0),
(36, 'Maserati', 0, 0),
(37, 'Matra', 0, 0),
(38, 'Mazda', 0, 0),
(39, 'Mercedes-Benz', 0, 0),
(41, 'Mitsubishi', 0, 0),
(43, 'Nissan', 0, 0),
(44, 'Peugeot', 1, 0),
(47, 'Porsche', 0, 0),
(48, 'Renault', 1, 0),
(52, 'Seat', 0, 0),
(54, 'Subaru', 0, 0),
(55, 'Suzuki', 0, 0),
(56, 'Toyota', 1, 0),
(57, 'Troller', 0, 0),
(58, 'Volvo', 0, 0),
(59, 'VolksWagen', 1, 0),
(120, 'Walk', 0, 0),
(123, 'Bugre', 0, 0),
(125, 'SSANGYONG', 0, 0),
(127, 'LOBINI', 0, 0),
(136, 'CHANA', 0, 0),
(140, 'Mahindra', 0, 0),
(147, 'EFFA', 0, 0),
(149, 'Fibravan', 0, 0),
(152, 'HAFEI', 0, 0),
(153, 'GREAT WALL', 0, 0),
(154, 'JINBEI', 0, 0),
(60, 'ADLY', 0, 0),
(61, 'AGRALE', 0, 0),
(62, 'APRILIA', 0, 0),
(63, 'ATALA', 0, 0),
(64, 'BAJAJ', 0, 0),
(65, 'BETA', 0, 0),
(66, 'BIMOTA', 0, 0),
(67, 'BMW', 0, 0),
(68, 'BRANDY', 0, 0),
(69, 'byCristo', 0, 0),
(70, 'CAGIVA', 1, 0),
(71, 'CALOI', 0, 0),
(72, 'DAELIM', 0, 0),
(73, 'DERBI', 0, 0),
(74, 'DUCATI', 0, 0),
(75, 'EMME', 0, 0),
(76, 'GAS GAS', 0, 0),
(77, 'HARLEY-DAVIDSON', 0, 0),
(78, 'HARTFORD', 0, 0),
(79, 'HERO', 0, 0),
(80, 'HONDA', 0, 0),
(81, 'HUSABERG', 0, 0),
(82, 'HUSQVARNA', 0, 0),
(85, 'KAWASAKI', 0, 0),
(86, 'KIMCO', 0, 0),
(87, 'KTM', 0, 0),
(88, 'L''AQUILA', 0, 0),
(89, 'LAVRALE', 0, 0),
(90, 'MOTO GUZZI', 0, 0),
(91, 'MV AGUSTA', 0, 0),
(92, 'MVK', 0, 0),
(93, 'ORCA', 0, 0),
(94, 'PEUGEOT', 0, 0),
(95, 'PIAGGIO', 0, 0),
(96, 'SANYANG', 0, 0),
(97, 'SIAMOTO', 0, 0),
(98, 'SUNDOWN', 0, 0),
(99, 'SUZUKI', 0, 0),
(100, 'TRIUMPH', 0, 0),
(101, 'YAMAHA', 0, 0),
(117, 'BUELL', 0, 0),
(118, 'KASINSKI', 0, 0),
(119, 'TRAXX', 0, 0),
(126, 'MIZA', 0, 0),
(128, 'FYM', 0, 0),
(129, 'KAHENA', 0, 0),
(130, 'BRAVA', 0, 0),
(131, 'AMAZONAS', 0, 0),
(132, 'FOX', 0, 0),
(133, 'GREEN', 0, 0),
(134, 'SHINERAY', 0, 0),
(135, 'WUYANG', 0, 0),
(137, 'DAYANG', 0, 0),
(138, 'HAOBAO', 0, 0),
(139, 'LERIVO', 0, 0),
(141, 'JIAPENG VOLCANO', 0, 0),
(142, 'DAYUN', 0, 0),
(143, 'GARINNI', 0, 0),
(145, 'DAFRA', 0, 0),
(146, 'Malaguti', 0, 0),
(148, 'Lon-V', 0, 0),
(150, 'BRP', 0, 0),
(151, 'JONNY', 0, 0),
(102, 'Agrale.', 0, 0),
(103, 'Chevrolet Caminhões', 0, 0),
(104, 'FIAT', 0, 0),
(105, 'FORD', 0, 0),
(106, 'GMC', 0, 0),
(108, 'MARCOPOLO', 0, 0),
(109, 'MERCEDES-BENZ', 0, 0),
(110, 'NAVISTAR', 0, 0),
(111, 'NEOBUS', 0, 0),
(112, 'PUMA-ALFA', 0, 0),
(113, 'SAAB-SCANIA', 0, 0),
(114, 'SCANIA', 0, 0),
(115, 'VOLKSWAGEN', 0, 0),
(116, 'VOLVO', 0, 0),
(121, 'CICCOBUS', 0, 0),
(122, 'IVECO', 0, 0),
(144, 'WALKBUS', 0, 0),
(0, 'Não informado', 0, 0),
(156, 'Sundown', 1, 1);

-- --------------------------------------------------------

--
-- Estrutura da tabela `fla_mensalidade`
--

CREATE TABLE IF NOT EXISTS `fla_mensalidade` (
  `cod_mensalidade` int(6) NOT NULL AUTO_INCREMENT,
  `des_mensalidade` varchar(200) NOT NULL,
  `val_mensalidade` float(5,2) NOT NULL,
  `ind_ativo` int(1) NOT NULL DEFAULT '1',
  `dat_criacao` date NOT NULL,
  PRIMARY KEY (`cod_mensalidade`)
) ENGINE=MyISAM DEFAULT CHARSET=latin1 AUTO_INCREMENT=1 ;

--
-- Extraindo dados da tabela `fla_mensalidade`
--


-- --------------------------------------------------------

--
-- Estrutura da tabela `fla_mensalidade_usuario`
--

CREATE TABLE IF NOT EXISTS `fla_mensalidade_usuario` (
  `cod_mensalidade_usuario` int(6) NOT NULL AUTO_INCREMENT,
  `valor_pago` float(5,2) NOT NULL,
  `periodo_inicial` date NOT NULL,
  `periodo_final` date NOT NULL,
  `data_pagamento` date NOT NULL,
  `des_justificativa` varchar(200) NOT NULL,
  `cod_cliente` int(6) NOT NULL,
  `cod_mensalidade` int(6) NOT NULL,
  PRIMARY KEY (`cod_mensalidade_usuario`)
) ENGINE=MyISAM DEFAULT CHARSET=latin1 AUTO_INCREMENT=1 ;

--
-- Extraindo dados da tabela `fla_mensalidade_usuario`
--


-- --------------------------------------------------------

--
-- Estrutura da tabela `fla_modelos`
--

CREATE TABLE IF NOT EXISTS `fla_modelos` (
  `cod_modelo` int(10) unsigned NOT NULL AUTO_INCREMENT,
  `des_modelo` varchar(50) NOT NULL,
  `cod_marca` int(10) NOT NULL,
  `ind_disponivel` int(1) DEFAULT '1',
  `ind_popular` int(1) DEFAULT '0',
  PRIMARY KEY (`cod_modelo`)
) ENGINE=MyISAM  DEFAULT CHARSET=latin1 AUTO_INCREMENT=1331 ;

--
-- Extraindo dados da tabela `fla_modelos`
--

INSERT INTO `fla_modelos` (`cod_modelo`, `des_modelo`, `cod_marca`, `ind_disponivel`, `ind_popular`) VALUES
(1, '100', 6, 0, 0),
(2, '106', 44, 1, 0),
(3, '1098', 74, 0, 0),
(4, '11-130', 115, 0, 0),
(5, '11-140', 115, 0, 0),
(6, '11000', 103, 0, 0),
(7, '1114', 109, 0, 0),
(8, '1125R', 117, 0, 0),
(9, '12-140', 115, 0, 0),
(10, '12-170', 106, 0, 0),
(11, '12-170', 115, 0, 0),
(12, '12-180', 115, 0, 0),
(13, '12000', 103, 0, 0),
(14, '120i', 7, 0, 0),
(15, '120iA', 7, 0, 0),
(16, '1214', 109, 0, 0),
(17, '1215', 109, 0, 0),
(18, '1218', 109, 0, 0),
(19, '125', 129, 0, 0),
(20, '13-130', 115, 0, 0),
(21, '13-150', 115, 0, 0),
(22, '13-170/', 115, 0, 0),
(23, '13-180', 115, 0, 0),
(24, '13-180/', 115, 0, 0),
(25, '13-190', 115, 0, 0),
(26, '13000', 102, 0, 0),
(27, '13000', 103, 0, 0),
(28, '130i', 7, 0, 0),
(29, '130iA', 7, 0, 0),
(30, '1318', 109, 0, 0),
(31, '14-140', 115, 0, 0),
(32, '14-150', 115, 0, 0),
(33, '14-170', 115, 0, 0),
(34, '14-180', 115, 0, 0),
(35, '14-190', 106, 0, 0),
(36, '14-200', 115, 0, 0),
(37, '14-210', 115, 0, 0),
(38, '14-220', 115, 0, 0),
(39, '14000', 103, 0, 0),
(40, '1414', 109, 0, 0),
(41, '1418', 109, 0, 0),
(42, '1420', 109, 0, 0),
(43, '145', 3, 0, 0),
(44, '147', 3, 0, 0),
(45, '147', 21, 1, 0),
(46, '15-170/', 115, 0, 0),
(47, '15-180', 115, 0, 0),
(48, '15-180/', 115, 0, 0),
(49, '15-190', 106, 0, 0),
(50, '15-190', 115, 0, 0),
(51, '150T-3', 132, 0, 0),
(52, '155', 3, 0, 0),
(53, '156', 3, 0, 0),
(54, '16-170', 115, 0, 0),
(55, '16-200', 115, 0, 0),
(56, '16-210', 115, 0, 0),
(57, '16-220', 106, 0, 0),
(58, '16-220', 115, 0, 0),
(59, '16-300', 115, 0, 0),
(60, '1600', 102, 0, 0),
(61, '164', 3, 0, 0),
(62, '166', 3, 0, 0),
(63, '17-180', 115, 0, 0),
(64, '17-210', 115, 0, 0),
(65, '17-220/', 115, 0, 0),
(66, '17-250', 115, 0, 0),
(67, '17-300', 115, 0, 0),
(68, '17-310', 115, 0, 0),
(69, '1714', 109, 0, 0),
(70, '1718', 109, 0, 0),
(71, '1718-A', 109, 0, 0),
(72, '1718-K', 109, 0, 0),
(73, '1718-M', 109, 0, 0),
(74, '1720', 109, 0, 0),
(75, '1720-A', 109, 0, 0),
(76, '1720-K', 109, 0, 0),
(77, '1721/', 109, 0, 0),
(78, '1723', 109, 0, 0),
(79, '1723-S', 109, 0, 0),
(80, '1728', 109, 0, 0),
(81, '18-310', 115, 0, 0),
(82, '180-D', 39, 0, 0),
(83, '1800', 102, 0, 0),
(85, '19-320', 115, 0, 0),
(86, '19-370', 115, 0, 0),
(87, '190', 104, 0, 0),
(88, '190-E', 39, 0, 0),
(89, '19000', 103, 0, 0),
(90, '1938-S', 109, 0, 0),
(91, '1944-S', 109, 0, 0),
(92, '2038', 109, 0, 0),
(93, '205', 44, 1, 0),
(94, '206', 44, 1, 0),
(95, '207', 44, 1, 0),
(97, '21000', 103, 0, 0),
(98, '22-140', 115, 0, 0),
(99, '22-160', 115, 0, 0),
(100, '22-210', 115, 0, 0),
(101, '22000', 103, 0, 0),
(102, '23-210', 115, 0, 0),
(103, '23-220', 115, 0, 0),
(104, '23-250', 115, 0, 0),
(105, '23-310', 115, 0, 0),
(106, '230-E', 39, 0, 0),
(107, '2300', 3, 0, 0),
(108, '24-220/', 115, 0, 0),
(109, '24-250', 115, 0, 0),
(110, '24-250/', 115, 0, 0),
(111, '2418', 109, 0, 0),
(112, '2423', 109, 0, 0),
(113, '2428', 109, 0, 0),
(114, '25-320', 115, 0, 0),
(115, '25-370', 115, 0, 0),
(116, '250', 129, 0, 0),
(117, '250T-10', 132, 0, 0),
(118, '26-220', 115, 0, 0),
(119, '26-260', 115, 0, 0),
(120, '26-260/', 115, 0, 0),
(121, '26-300', 115, 0, 0),
(122, '26-310', 115, 0, 0),
(123, '260-E', 39, 0, 0),
(124, '2638', 109, 0, 0),
(125, '2726', 109, 0, 0),
(126, '300', 12, 0, 0),
(127, '300-D', 39, 0, 0),
(128, '300-E', 39, 0, 0),
(129, '300-SE', 39, 0, 0),
(130, '300-SL', 39, 0, 0),
(131, '300-TE', 39, 0, 0),
(132, '3000', 41, 0, 0),
(133, '306', 44, 1, 0),
(134, '307', 44, 1, 0),
(135, '31-260', 115, 0, 0),
(136, '31-260/', 115, 0, 0),
(137, '31-310', 115, 0, 0),
(138, '31-320', 115, 0, 0),
(139, '31-370', 115, 0, 0),
(140, '316', 7, 0, 0),
(141, '318i', 7, 0, 0),
(142, '318i/iA', 7, 0, 0),
(143, '318iS/ISA', 7, 0, 0),
(144, '318Ti', 7, 0, 0),
(145, '318Ti/TiA', 7, 0, 0),
(146, '3200', 36, 0, 0),
(147, '320i', 7, 0, 0),
(148, '320iA', 7, 0, 0),
(149, '323', 38, 0, 0),
(150, '323Ci', 7, 0, 0),
(151, '323CiA', 7, 0, 0),
(152, '323i', 7, 0, 0),
(153, '323i/iA', 7, 0, 0),
(154, '323iA', 7, 0, 0),
(155, '323Ti', 7, 0, 0),
(156, '323TiA', 7, 0, 0),
(157, '325i', 7, 0, 0),
(158, '325i/iA', 7, 0, 0),
(159, '325iA', 7, 0, 0),
(160, '328i', 7, 0, 0),
(161, '328i/iA', 7, 0, 0),
(162, '328iA', 7, 0, 0),
(163, '330Ci', 7, 0, 0),
(164, '330CiA', 7, 0, 0),
(165, '330i', 7, 0, 0),
(166, '330iA', 7, 0, 0),
(167, '335iA', 7, 0, 0),
(168, '35-300', 115, 0, 0),
(169, '3500', 106, 0, 0),
(170, '350Z', 43, 0, 0),
(171, '355', 20, 0, 0),
(172, '360', 20, 0, 0),
(173, '40-300', 115, 0, 0),
(174, '405', 44, 1, 0),
(175, '406', 44, 1, 0),
(176, '407', 44, 1, 0),
(177, '440', 58, 0, 0),
(178, '4500', 102, 0, 0),
(179, '456', 20, 0, 0),
(180, '460', 58, 0, 0),
(181, '5-140', 115, 0, 0),
(182, '5-90', 106, 0, 0),
(183, '500-E', 39, 0, 0),
(184, '500-SEL', 39, 0, 0),
(185, '5000', 102, 0, 0),
(186, '504', 44, 1, 0),
(187, '505', 44, 1, 0),
(188, '520i', 7, 0, 0),
(189, '525i/iA', 7, 0, 0),
(190, '528i/iA', 7, 0, 0),
(191, '528IA', 7, 0, 0),
(192, '530i/iA', 7, 0, 0),
(193, '535i/iA', 7, 0, 0),
(194, '540i', 7, 0, 0),
(195, '540i/iA', 7, 0, 0),
(196, '540iA', 7, 0, 0),
(197, '540iTA', 7, 0, 0),
(198, '545iA', 7, 0, 0),
(199, '550', 20, 0, 0),
(200, '550iA', 7, 0, 0),
(201, '560-SEL', 39, 0, 0),
(202, '575M', 20, 0, 0),
(203, '6-100', 106, 0, 0),
(204, '6-150', 106, 0, 0),
(205, '6-80', 115, 0, 0),
(206, '6-90', 115, 0, 0),
(207, '6000', 102, 0, 0),
(208, '6000', 103, 0, 0),
(209, '605', 44, 1, 0),
(210, '607', 44, 1, 0),
(211, '608', 109, 0, 0),
(212, '612', 20, 0, 0),
(213, '626', 38, 0, 0),
(214, '645Ci', 7, 0, 0),
(215, '645iA', 7, 0, 0),
(216, '650Ci', 7, 0, 0),
(217, '650iA', 7, 0, 0),
(218, '7-100', 115, 0, 0),
(219, '7-110', 106, 0, 0),
(220, '7-110', 115, 0, 0),
(221, '7-90', 115, 0, 0),
(222, '7000', 102, 0, 0),
(223, '708', 109, 0, 0),
(224, '709', 109, 0, 0),
(225, '710/', 109, 0, 0),
(226, '712', 109, 0, 0),
(227, '730i', 7, 0, 0),
(228, '730iA', 7, 0, 0),
(229, '735i/iA', 7, 0, 0),
(230, '740i', 7, 0, 0),
(231, '740iA', 7, 0, 0),
(232, '740iL/iLA', 7, 0, 0),
(233, '740iLA', 7, 0, 0),
(234, '745iA', 7, 0, 0),
(235, '749', 74, 0, 0),
(236, '750', 101, 0, 0),
(237, '7500', 102, 0, 0),
(238, '750i', 7, 0, 0),
(239, '750iA', 7, 0, 0),
(240, '750iL', 7, 0, 0),
(241, '760iL', 7, 0, 0),
(242, '7900', 112, 0, 0),
(243, '8-100', 115, 0, 0),
(244, '8-120/', 115, 0, 0),
(245, '8-140', 115, 0, 0),
(246, '8-150', 115, 0, 0),
(247, '8-150/', 115, 0, 0),
(248, '80', 6, 0, 0),
(249, '8000', 102, 0, 0),
(250, '806', 44, 1, 0),
(251, '807', 44, 1, 0),
(252, '840Ci', 7, 0, 0),
(253, '840CiA', 7, 0, 0),
(254, '850', 58, 0, 0),
(255, '8500', 102, 0, 0),
(256, '850Ci/CiA', 7, 0, 0),
(257, '850CSi', 7, 0, 0),
(258, '850i', 7, 0, 0),
(259, '9-150', 115, 0, 0),
(260, '9000', 112, 0, 0),
(261, '911', 47, 0, 0),
(262, '912', 109, 0, 0),
(263, '914', 109, 0, 0),
(264, '914', 112, 0, 0),
(265, '914-C', 109, 0, 0),
(266, '9200', 102, 0, 0),
(267, '928', 47, 0, 0),
(268, '929', 38, 0, 0),
(269, '940', 58, 0, 0),
(270, '960', 58, 0, 0),
(271, '968', 47, 0, 0),
(272, '996', 74, 0, 0),
(273, '998', 74, 0, 0),
(274, '999', 74, 0, 0),
(275, '999R', 74, 0, 0),
(276, 'A-10', 23, 1, 0),
(277, 'A-20', 23, 1, 0),
(278, 'A3', 6, 0, 0),
(279, 'A4', 6, 0, 0),
(280, 'A5', 6, 0, 0),
(281, 'A6', 6, 0, 0),
(282, 'A8', 6, 0, 0),
(283, 'Accelo', 109, 0, 0),
(284, 'Accent', 26, 0, 0),
(285, 'Accord', 25, 1, 0),
(286, 'ACTYON', 125, 0, 0),
(287, 'ADDRESS/AE', 99, 0, 0),
(288, 'ADDRESS/AG', 99, 0, 0),
(289, 'ADVENTURE', 87, 0, 0),
(290, 'ADVENTURER', 100, 0, 0),
(291, 'Aerostar', 22, 1, 0),
(292, 'Airtrek', 41, 0, 0),
(293, 'AKROS', 88, 0, 0),
(294, 'AKROS', 98, 0, 0),
(295, 'Alleanza', 121, 0, 0),
(296, 'Allroad', 6, 0, 0),
(297, 'Altima', 43, 0, 0),
(298, 'ALTINO', 72, 0, 0),
(299, 'AM-825', 5, 0, 0),
(300, 'AME-110', 131, 0, 0),
(301, 'AME-150', 131, 0, 0),
(302, 'AME-250', 131, 0, 0),
(303, 'AME-LX', 131, 0, 0),
(304, 'AMERICA', 80, 0, 0),
(305, 'Amigo', 27, 0, 0),
(306, 'AN', 99, 0, 0),
(307, 'ANKUR', 79, 0, 0),
(308, 'Apolo', 59, 1, 0),
(309, 'Applause', 16, 0, 0),
(310, 'AREA-51', 62, 0, 0),
(311, 'Aspire', 22, 1, 0),
(312, 'Astra', 23, 1, 0),
(313, 'Atego', 109, 0, 0),
(314, 'ATILIS', 109, 0, 0),
(315, 'ATLANTIC', 151, 0, 0),
(316, 'ATLANTIS', 73, 0, 0),
(317, 'Atos', 26, 0, 0),
(318, 'RT', 3, 0, 0),
(319, 'AVAJET', 85, 0, 0),
(320, 'Avalon', 56, 1, 0),
(321, 'Avant', 6, 0, 0),
(322, 'Avenger', 17, 0, 0),
(323, 'AX', 13, 1, 0),
(324, 'AX', 43, 0, 0),
(325, 'AX', 93, 0, 0),
(326, 'AXIS', 101, 0, 0),
(327, 'Axor', 109, 0, 0),
(328, 'AZERA', 26, 0, 0),
(329, 'B-2500', 38, 0, 0),
(330, 'B2200', 38, 0, 0),
(331, 'Baleno', 55, 0, 0),
(332, 'Band.', 56, 1, 0),
(333, 'Band.Jipe', 56, 1, 0),
(334, 'Band.Picape', 56, 1, 0),
(335, 'BANDIT', 99, 0, 0),
(336, 'Belina', 22, 1, 0),
(337, 'Berlingo', 13, 1, 0),
(338, 'Besta', 31, 0, 0),
(339, 'BEVERLY', 95, 0, 0),
(340, 'BIZ', 80, 0, 0),
(341, 'BLACK', 92, 0, 0),
(342, 'Blazer', 23, 1, 0),
(343, 'Bonanza', 23, 1, 0),
(344, 'Bongo', 31, 0, 0),
(345, 'BONNEVILLE', 100, 0, 0),
(346, 'Bora', 59, 1, 0),
(347, 'BOULEVARD', 99, 0, 0),
(348, 'Boxer', 44, 1, 0),
(349, 'Boxster', 47, 0, 0),
(350, 'BR-800', 24, 0, 0),
(351, 'Brasinca', 23, 1, 0),
(352, 'Brava', 21, 1, 0),
(353, 'Bravo', 21, 1, 0),
(354, 'BRUTALE', 91, 0, 0),
(355, 'Buggy', 8, 0, 0),
(356, 'Buggy', 9, 0, 0),
(357, 'Buggy', 120, 0, 0),
(358, 'Buggy', 123, 0, 0),
(359, 'Buggy', 149, 0, 0),
(360, 'BURGMAN', 99, 0, 0),
(361, 'BUXY', 94, 0, 0),
(362, 'BW''S', 101, 0, 0),
(363, 'BX', 13, 1, 0),
(364, 'C', 80, 0, 0),
(365, 'C-10', 23, 1, 0),
(366, 'C-180', 39, 0, 0),
(367, 'C-20', 23, 1, 0),
(368, 'C-200', 39, 0, 0),
(369, 'C-220', 39, 0, 0),
(370, 'C-230', 39, 0, 0),
(371, 'C-240', 39, 0, 0),
(372, 'C-280', 39, 0, 0),
(373, 'C-320', 39, 0, 0),
(374, 'C-350', 39, 0, 0),
(375, 'C-36', 39, 0, 0),
(376, 'C-43', 39, 0, 0),
(377, 'C-55', 39, 0, 0),
(378, 'C-60', 103, 0, 0),
(379, 'C-63', 39, 0, 0),
(380, 'C3', 13, 1, 0),
(381, 'C30', 58, 0, 0),
(382, 'C4', 13, 1, 0),
(383, 'C5', 13, 1, 0),
(384, 'C6', 13, 1, 0),
(385, 'C70', 58, 0, 0),
(386, 'C8', 13, 1, 0),
(387, 'Calibra', 23, 1, 0),
(388, 'CALIFFONE', 63, 0, 0),
(389, 'CALIFORNIA', 90, 0, 0),
(390, 'Camper', 19, 0, 0),
(391, 'Camry', 56, 1, 0),
(392, 'can-am', 150, 0, 0),
(393, 'CANYON', 70, 1, 0),
(394, 'Caprice', 23, 1, 0),
(395, 'CAPTIVA', 23, 1, 0),
(396, 'Carajas', 24, 0, 0),
(397, 'Carajas/', 24, 0, 0),
(398, 'Caravan', 12, 0, 0),
(399, 'Caravan', 23, 1, 0),
(400, 'Caravelle', 59, 1, 0),
(401, 'Carens', 31, 0, 0),
(402, 'CARGO', 105, 0, 0),
(403, 'Cargo', 136, 0, 0),
(404, 'Carnival', 31, 0, 0),
(405, 'Cavalier', 23, 1, 0),
(406, 'Cayenne', 47, 0, 0),
(407, 'Cayman', 47, 0, 0),
(408, 'CB', 80, 0, 0),
(409, 'CB1300', 80, 0, 0),
(410, 'CBR', 80, 0, 0),
(411, 'CBX', 80, 0, 0),
(412, 'Celica', 56, 1, 0),
(413, 'Celta', 23, 1, 0),
(414, 'Cerato', 31, 0, 0),
(415, 'Ceres', 31, 0, 0),
(416, 'CG', 80, 0, 0),
(417, 'CH', 80, 0, 0),
(418, 'Chairman', 125, 0, 0),
(419, 'Classic', 65, 0, 0),
(420, 'Charade', 16, 0, 0),
(421, 'Cherokee', 29, 0, 0),
(422, 'Chevette', 23, 1, 0),
(423, 'Chevy', 23, 1, 0),
(424, 'Cheynne', 23, 1, 0),
(425, 'CIAK', 146, 0, 0),
(426, 'Cinquecento', 21, 1, 0),
(427, 'Cirrus', 12, 0, 0),
(428, 'CITY', 61, 0, 0),
(429, 'CityClass', 122, 0, 0),
(430, 'Civic', 25, 1, 0),
(431, 'CJ', 119, 0, 0),
(432, 'CL-244', 14, 0, 0),
(433, 'CL-330', 14, 0, 0),
(434, 'CL-500', 39, 0, 0),
(435, 'CL-600', 39, 0, 0),
(436, 'CL-63', 39, 0, 0),
(437, 'Clarus', 31, 0, 0),
(438, 'Classe', 39, 0, 0),
(439, 'Classic', 39, 0, 0),
(440, 'CLASSIC', 62, 0, 0),
(441, 'Classic', 64, 0, 0),
(442, 'Clio', 48, 1, 0),
(443, 'CLK-230', 39, 0, 0),
(444, 'CLK-320', 39, 0, 0),
(445, 'CLK-350', 39, 0, 0),
(446, 'CLK-430', 39, 0, 0),
(447, 'CLK-500', 39, 0, 0),
(448, 'CLK-55', 39, 0, 0),
(449, 'CLS-350', 39, 0, 0),
(450, 'CLS-500', 39, 0, 0),
(451, 'CLS-55', 39, 0, 0),
(452, 'CLS-63', 39, 0, 0),
(453, 'Club', 22, 1, 0),
(454, 'Colt', 41, 0, 0),
(455, 'Comet', 118, 0, 0),
(456, 'Commander', 29, 0, 0),
(457, 'CONCOURS14', 85, 0, 0),
(458, 'Contour', 22, 1, 0),
(459, 'Corcel II', 22, 1, 0),
(460, 'Cordoba', 52, 0, 0),
(461, 'Corola', 56, 1, 0),
(462, 'Corolla', 56, 1, 0),
(463, 'Corona', 56, 1, 0),
(464, 'Corrado', 59, 1, 0),
(465, 'Corsa', 23, 1, 0),
(466, 'Corvette', 23, 1, 0),
(467, 'Coupe', 21, 1, 0),
(468, 'Coupê', 26, 0, 0),
(469, 'Coupé', 36, 0, 0),
(470, 'Courier', 22, 1, 0),
(471, 'CR', 80, 0, 0),
(472, 'CR', 82, 0, 0),
(473, 'CR-V', 25, 1, 0),
(474, 'CRF', 80, 0, 0),
(475, 'CROSSFOX', 59, 1, 0),
(476, 'Crown', 22, 1, 0),
(477, 'CRUISE', 118, 0, 0),
(478, 'CRYPTON', 101, 0, 0),
(479, 'Cuore', 16, 0, 0),
(480, 'Cupê', 26, 0, 0),
(481, 'D-10', 23, 1, 0),
(482, 'D-20', 23, 1, 0),
(483, 'D-21', 43, 0, 0),
(484, 'D-40', 103, 0, 0),
(485, 'D-60', 103, 0, 0),
(486, 'D-70', 103, 0, 0),
(487, 'DAILY', 122, 0, 0),
(488, 'Daimler', 28, 0, 0),
(489, 'DAKAR', 61, 0, 0),
(490, 'Dakota', 17, 0, 0),
(491, 'DAYTONA', 100, 0, 0),
(492, 'DB4', 66, 0, 0),
(493, 'DB5R', 66, 0, 0),
(494, 'DB6', 66, 0, 0),
(495, 'DB6R', 66, 0, 0),
(496, 'Defender', 33, 0, 0),
(497, 'Del', 22, 1, 0),
(498, 'DEUCE', 77, 0, 0),
(499, 'Diamant', 41, 0, 0),
(500, 'Discovery', 33, 0, 0),
(501, 'Discovery3', 33, 0, 0),
(502, 'DJW', 86, 0, 0),
(503, 'DL', 99, 0, 0),
(504, 'Doblo', 21, 1, 0),
(505, 'DOMINATOR', 80, 0, 0),
(506, 'DR', 99, 0, 0),
(507, 'DR-Z400E', 99, 0, 0),
(508, 'DRAGO', 126, 0, 0),
(509, 'DT', 101, 0, 0),
(510, 'DUAL', 92, 0, 0),
(511, 'Ducato', 21, 1, 0),
(512, 'Ducato-10', 21, 1, 0),
(513, 'Ducato-15', 21, 1, 0),
(514, 'Ducato-8', 21, 1, 0),
(515, 'DUKE', 87, 0, 0),
(516, 'Duna', 21, 1, 0),
(517, 'DY100-31', 137, 0, 0),
(518, 'DY110-20', 137, 0, 0),
(519, 'DY110-6', 142, 0, 0),
(520, 'DY125-18', 137, 0, 0),
(521, 'DY125-37', 137, 0, 0),
(522, 'DY125-52', 137, 0, 0),
(523, 'DY125-8', 142, 0, 0),
(524, 'DY125T-10', 142, 0, 0),
(525, 'DY150-12', 137, 0, 0),
(526, 'DY150-7', 142, 0, 0),
(527, 'DY150-9', 142, 0, 0),
(528, 'DY150GY', 142, 0, 0),
(529, 'DY150ZH', 142, 0, 0),
(530, 'DY200', 137, 0, 0),
(531, 'DY250-2', 142, 0, 0),
(532, 'DYNA', 77, 0, 0),
(533, 'E-190', 39, 0, 0),
(534, 'E-200', 39, 0, 0),
(535, 'E-220', 39, 0, 0),
(536, 'E-230', 39, 0, 0),
(537, 'E-240', 39, 0, 0),
(538, 'E-280', 39, 0, 0),
(539, 'E-320', 39, 0, 0),
(540, 'E-350', 39, 0, 0),
(541, 'E-420', 39, 0, 0),
(542, 'E-430', 39, 0, 0),
(543, 'E-500', 39, 0, 0),
(544, 'E-55', 39, 0, 0),
(545, 'E-63', 39, 0, 0),
(546, 'EASY', 126, 0, 0),
(547, 'EASY', 133, 0, 0),
(548, 'EC', 76, 0, 0),
(549, 'Eclipse', 41, 0, 0),
(550, 'EcoSport', 22, 1, 0),
(551, 'EDGE', 22, 1, 0),
(552, 'EG', 77, 0, 0),
(553, 'Elantra', 26, 0, 0),
(554, 'Elba', 21, 1, 0),
(555, 'ELECTRA', 77, 0, 0),
(556, 'ELEFANT', 61, 0, 0),
(557, 'ELEFANT', 70, 1, 0),
(558, 'ELEFANTRE', 61, 0, 0),
(559, 'ELEGANT', 68, 0, 0),
(560, 'ELYSEO', 94, 0, 0),
(561, 'EN', 99, 0, 0),
(562, 'Engesa', 18, 0, 0),
(563, 'ENJOY', 96, 0, 0),
(564, 'ER-5', 85, 0, 0),
(565, 'ERGON', 88, 0, 0),
(566, 'ERGON', 98, 0, 0),
(567, 'ERO', 118, 0, 0),
(568, 'ES-300', 34, 0, 0),
(569, 'ES-330', 34, 0, 0),
(570, 'ES-350', 34, 0, 0),
(571, 'Escort', 22, 1, 0),
(572, 'Espero', 15, 0, 0),
(573, 'EUROCARGO', 122, 0, 0),
(574, 'EUROTECH', 122, 0, 0),
(575, 'EUROTRAKKER', 122, 0, 0),
(576, 'Eurovan', 59, 1, 0),
(577, 'Evasion', 13, 1, 0),
(578, 'EXC', 87, 0, 0),
(579, 'Excel', 26, 0, 0),
(580, 'Expedition', 22, 1, 0),
(581, 'Explorer', 22, 1, 0),
(582, 'Expo', 41, 0, 0),
(583, 'Express', 48, 1, 0),
(584, 'F', 67, 0, 0),
(585, 'F-100', 22, 1, 0),
(586, 'F-1000', 22, 1, 0),
(587, 'F-11000', 105, 0, 0),
(588, 'F-12000', 105, 0, 0),
(589, 'F-13000', 105, 0, 0),
(590, 'F-14000', 105, 0, 0),
(591, 'F-150', 22, 1, 0),
(592, 'F-16000', 105, 0, 0),
(593, 'F-19000', 105, 0, 0),
(594, 'F-2000', 105, 0, 0),
(595, 'F-21000', 105, 0, 0),
(596, 'F-22000', 105, 0, 0),
(597, 'F-250', 22, 1, 0),
(598, 'F-350', 105, 0, 0),
(599, 'F-4000', 105, 0, 0),
(600, 'F-7000', 105, 0, 0),
(601, 'F4', 91, 0, 0),
(602, 'F4-', 91, 0, 0),
(603, 'F4-1000', 91, 0, 0),
(604, 'F430', 20, 0, 0),
(605, 'F599', 20, 0, 0),
(606, 'Family', 136, 0, 0),
(607, 'FAST', 126, 0, 0),
(608, 'FAT', 77, 0, 0),
(609, 'FAZER', 101, 0, 0),
(610, 'FE', 81, 0, 0),
(611, 'FENIX', 92, 0, 0),
(612, 'Feroza', 16, 0, 0),
(613, 'FH', 116, 0, 0),
(614, 'FH-12', 116, 0, 0),
(615, 'Fiesta', 22, 1, 0),
(616, 'FIFTY', 98, 0, 0),
(617, 'Fiorino', 21, 1, 0),
(618, 'FIREBOLT', 117, 0, 0),
(619, 'Fit', 25, 1, 0),
(620, 'FLASH', 118, 0, 0),
(621, 'FLHTCU', 77, 0, 0),
(622, 'FLHTCUI', 77, 0, 0),
(623, 'FM', 116, 0, 0),
(624, 'FM-10', 116, 0, 0),
(625, 'FM-12', 116, 0, 0),
(626, 'Focus', 22, 1, 0),
(627, 'FORCE', 61, 0, 0),
(628, 'Forester', 54, 0, 0),
(629, 'Formigão', 139, 0, 0),
(630, 'FOSTI', 68, 0, 0),
(631, 'Fox', 59, 1, 0),
(632, 'FOX', 92, 0, 0),
(633, 'Freelander', 33, 0, 0),
(634, 'FREEWIND', 99, 0, 0),
(635, 'Frontier', 43, 0, 0),
(636, 'FÚRIA', 118, 0, 0),
(637, 'Fusca', 59, 1, 0),
(638, 'Fusion', 22, 1, 0),
(639, 'Future', 98, 0, 0),
(640, 'FY100-10A', 128, 0, 0),
(641, 'FY125-19', 128, 0, 0),
(642, 'FY125-20', 128, 0, 0),
(643, 'FY125EY-2', 128, 0, 0),
(644, 'FY125Y-3', 128, 0, 0),
(645, 'FY150-3', 128, 0, 0),
(646, 'FY150T-18', 128, 0, 0),
(647, 'FY250', 128, 0, 0),
(648, 'FZ6', 101, 0, 0),
(649, 'FZR', 101, 0, 0),
(650, 'G', 67, 0, 0),
(651, 'G-380', 114, 0, 0),
(652, 'G-420', 114, 0, 0),
(653, 'G-440', 114, 0, 0),
(654, 'G-470', 114, 0, 0),
(655, 'Galant', 41, 0, 0),
(656, 'Galloper', 26, 0, 0),
(657, 'GF', 118, 0, 0),
(658, 'GL-500', 39, 0, 0),
(659, 'GLK', 39, 0, 0),
(660, 'GO', 92, 0, 0),
(661, 'Gol', 59, 1, 0),
(662, 'GOLD', 80, 0, 0),
(663, 'Golf', 59, 1, 0),
(664, 'GPR', 73, 0, 0),
(665, 'GR08T4', 143, 0, 0),
(666, 'GR125ST', 143, 0, 0),
(667, 'GR125T3', 143, 0, 0),
(668, 'GR125U', 143, 0, 0),
(669, 'GR125Z', 143, 0, 0),
(670, 'GR150P/', 143, 0, 0),
(671, 'GR150ST', 143, 0, 0),
(672, 'GR150T3/', 143, 0, 0),
(673, 'GR150U', 143, 0, 0),
(674, 'GR250T3', 143, 0, 0),
(675, 'Gran', 12, 0, 0),
(676, 'Gran', 16, 0, 0),
(677, 'GRAN', 70, 1, 0),
(678, 'Grand', 12, 0, 0),
(679, 'Grand', 29, 0, 0),
(680, 'Grand', 55, 0, 0),
(681, 'Grand', 59, 1, 0),
(682, 'GRANDIS', 41, 0, 0),
(683, 'GranSport', 36, 0, 0),
(684, 'GranTurismo', 36, 0, 0),
(685, 'GS', 34, 0, 0),
(686, 'GS', 99, 0, 0),
(687, 'GSX', 99, 0, 0),
(688, 'GSX-R', 99, 0, 0),
(689, 'GV', 118, 0, 0),
(690, 'H1', 26, 0, 0),
(691, 'H1', 127, 0, 0),
(692, 'H100', 26, 0, 0),
(693, 'HALLEY', 92, 0, 0),
(694, 'HB110-3', 138, 0, 0),
(695, 'HB125-9', 138, 0, 0),
(696, 'HB150', 138, 0, 0),
(697, 'HB150-T', 138, 0, 0),
(698, 'HERITAGE', 77, 0, 0),
(699, 'Hi-Topic', 5, 0, 0),
(700, 'Hilux', 56, 1, 0),
(701, 'Hombre', 27, 0, 0),
(702, 'HOVER', 153, 0, 0),
(703, 'HR', 26, 0, 0),
(704, 'Hummer', 4, 0, 0),
(705, 'HUNTER', 98, 0, 0),
(706, 'HUSKY', 96, 0, 0),
(707, 'HUSQY', 82, 0, 0),
(708, 'HYPE', 151, 0, 0),
(709, 'Ibiza', 52, 0, 0),
(710, 'Idea', 21, 1, 0),
(711, 'Ignis', 55, 0, 0),
(712, 'Impreza', 54, 0, 0),
(713, 'Inca', 52, 0, 0),
(714, 'Infinit', 43, 0, 0),
(715, 'INTERNACIONAL', 110, 0, 0),
(716, 'INTERNATIONAL', 110, 0, 0),
(717, 'INTRUDER', 99, 0, 0),
(718, 'Ipanema', 23, 1, 0),
(719, 'Istana', 125, 0, 0),
(720, 'RT', 3, 0, 0),
(721, 'JC', 93, 0, 0),
(722, 'Jetta', 59, 1, 0),
(723, 'JH', 119, 0, 0),
(724, 'Jimny', 55, 0, 0),
(725, 'Jipe', 5, 0, 0),
(726, 'JL', 119, 0, 0),
(727, 'JOG', 101, 0, 0),
(728, 'JONNY', 151, 0, 0),
(729, 'JOURNEY', 17, 0, 0),
(730, 'JP', 141, 0, 0),
(731, 'Jumper', 13, 1, 0),
(732, 'JUNIOR', 61, 0, 0),
(733, 'K', 67, 0, 0),
(734, 'KA', 22, 1, 0),
(735, 'Kadett', 23, 1, 0),
(736, 'Kangoo', 48, 1, 0),
(737, 'Kansas', 145, 0, 0),
(738, 'KATANA', 99, 0, 0),
(739, 'King-Cab', 43, 0, 0),
(740, 'KLX', 85, 0, 0),
(741, 'Kombi', 59, 1, 0),
(742, 'Korando', 125, 0, 0),
(743, 'KX', 85, 0, 0),
(744, 'Kyron', 125, 0, 0),
(745, 'KZ', 85, 0, 0),
(746, 'L-111', 114, 0, 0),
(747, 'L-1113', 109, 0, 0),
(748, 'L-1114', 109, 0, 0),
(749, 'L-1117', 109, 0, 0),
(750, 'L-1118', 109, 0, 0),
(751, 'L-1214', 109, 0, 0),
(752, 'L-1218', 109, 0, 0),
(753, 'L-1313', 109, 0, 0),
(754, 'L-1314', 109, 0, 0),
(755, 'L-1316', 109, 0, 0),
(756, 'L-1317', 109, 0, 0),
(757, 'L-1318', 109, 0, 0),
(758, 'L-1319', 109, 0, 0),
(759, 'L-141', 114, 0, 0),
(760, 'L-1414', 109, 0, 0),
(761, 'L-1418', 109, 0, 0),
(762, 'L-1513', 109, 0, 0),
(763, 'L-1514', 109, 0, 0),
(764, 'L-1516', 109, 0, 0),
(765, 'L-1517', 109, 0, 0),
(766, 'L-1518', 109, 0, 0),
(767, 'L-1519', 109, 0, 0),
(768, 'L-1520', 109, 0, 0),
(769, 'L-1614', 109, 0, 0),
(770, 'L-1618', 109, 0, 0),
(771, 'L-1620', 109, 0, 0),
(772, 'L-1621', 109, 0, 0),
(773, 'L-1622', 109, 0, 0),
(774, 'L-1625', 109, 0, 0),
(775, 'L-1630', 109, 0, 0),
(776, 'L-2013', 109, 0, 0),
(777, 'L-2014', 109, 0, 0),
(778, 'L-2017', 109, 0, 0),
(779, 'L-2213', 109, 0, 0),
(780, 'L-2214', 109, 0, 0),
(781, 'L-2215', 109, 0, 0),
(782, 'L-2216', 109, 0, 0),
(783, 'L-2217', 109, 0, 0),
(784, 'L-2219', 109, 0, 0),
(785, 'L-2220', 109, 0, 0),
(786, 'L-2225', 109, 0, 0),
(787, 'L-2314', 109, 0, 0),
(788, 'L-2318', 109, 0, 0),
(789, 'L-2325', 109, 0, 0),
(790, 'L-2635', 109, 0, 0),
(791, 'L-2638', 109, 0, 0),
(792, 'L-80', 115, 0, 0),
(793, 'L200', 41, 0, 0),
(794, 'L300', 41, 0, 0),
(795, 'Laguna', 48, 1, 0),
(796, 'Laika', 32, 0, 0),
(797, 'Lancer', 41, 0, 0),
(798, 'Land', 56, 1, 0),
(799, 'Lanos', 15, 0, 0),
(800, 'LASER', 145, 0, 0),
(801, 'LC4', 87, 0, 0),
(802, 'LE', 12, 0, 0),
(803, 'Legacy', 54, 0, 0),
(804, 'Leganza', 15, 0, 0),
(805, 'LEGEND', 100, 0, 0),
(806, 'LEGION', 78, 0, 0),
(807, 'LEONARDO', 62, 0, 0),
(808, 'Lets', 99, 0, 0),
(809, 'Liberty', 95, 0, 0),
(810, 'LIGHTNING', 117, 0, 0),
(811, 'LINEA', 21, 1, 0),
(812, 'LK-1618', 109, 0, 0),
(813, 'LK-1620', 109, 0, 0),
(814, 'LK-2635', 109, 0, 0),
(815, 'LK-2638', 109, 0, 0),
(816, 'LOGAN', 48, 1, 0),
(817, 'Logus', 59, 1, 0),
(818, 'LS', 34, 0, 0),
(819, 'LS-1313', 109, 0, 0),
(820, 'LS-1519', 109, 0, 0),
(821, 'LS-1520', 109, 0, 0),
(822, 'LS-1524', 109, 0, 0),
(823, 'LS-1525', 109, 0, 0),
(824, 'LS-1625', 109, 0, 0),
(825, 'LS-1630', 109, 0, 0),
(826, 'LS-1632', 109, 0, 0),
(827, 'LS-1634', 109, 0, 0),
(828, 'LS-1924', 109, 0, 0),
(829, 'LS-1929', 109, 0, 0),
(830, 'LS-1932', 109, 0, 0),
(831, 'LS-1933', 109, 0, 0),
(832, 'LS-1934', 109, 0, 0),
(833, 'LS-1935', 109, 0, 0),
(834, 'LS-1938', 109, 0, 0),
(835, 'LS-1941', 109, 0, 0),
(836, 'LS-2635', 109, 0, 0),
(837, 'LS-2638', 109, 0, 0),
(838, 'LT', 99, 0, 0),
(839, 'Lumina', 23, 1, 0),
(840, 'LY', 148, 0, 0),
(841, 'M', 7, 0, 0),
(842, 'M-100', 147, 0, 0),
(843, 'M3', 7, 0, 0),
(844, 'M5', 7, 0, 0),
(845, 'M6', 7, 0, 0),
(846, 'MA', 92, 0, 0),
(847, 'MA/', 92, 0, 0),
(848, 'Magentis', 31, 0, 0),
(849, 'MAGIK', 118, 0, 0),
(850, 'MAGNA', 80, 0, 0),
(851, 'MAJESTY', 101, 0, 0),
(852, 'MANTRA', 66, 0, 0),
(853, 'Marajo', 23, 1, 0),
(854, 'MARAUDER', 99, 0, 0),
(855, 'Marea', 21, 1, 0),
(856, 'MARRUÁ', 2, 0, 0),
(857, 'Master', 19, 0, 0),
(858, 'Master', 48, 1, 0),
(859, 'MASTER', 63, 0, 0),
(860, 'Matrix', 26, 0, 0),
(861, 'MAX', 98, 0, 0),
(862, 'MAXI', 85, 0, 0),
(863, 'Maxima', 43, 0, 0),
(864, 'MC', 76, 0, 0),
(865, 'Megane', 48, 1, 0),
(866, 'Meriva', 23, 1, 0),
(867, 'MESSAGE', 72, 0, 0),
(868, 'Micra', 43, 0, 0),
(869, 'MIDAS', 118, 0, 0),
(870, 'Millenia', 38, 0, 0),
(871, 'Mirage', 41, 0, 0),
(872, 'MIRAGE', 75, 0, 0),
(873, 'Mirage', 118, 0, 0),
(874, 'MITO', 70, 1, 0),
(875, 'ML-230', 39, 0, 0),
(876, 'ML-320', 39, 0, 0),
(877, 'ML-350', 39, 0, 0),
(878, 'ML-430', 39, 0, 0),
(879, 'ML-500', 39, 0, 0),
(880, 'ML-55', 39, 0, 0),
(881, 'ML-63', 39, 0, 0),
(882, 'MOBILETE', 71, 0, 0),
(883, 'Mondeo', 22, 1, 0),
(884, 'MONDO', 71, 0, 0),
(885, 'MONSTER', 74, 0, 0),
(886, 'MONTANA', 23, 1, 0),
(887, 'Montero', 41, 0, 0),
(888, 'Monza', 23, 1, 0),
(889, 'MOTO', 62, 0, 0),
(890, 'MOTOKAR', 118, 0, 0),
(891, 'Move', 16, 0, 0),
(892, 'MP3', 95, 0, 0),
(893, 'MPV', 38, 0, 0),
(894, 'MR-2', 56, 1, 0),
(895, 'MT-01', 101, 0, 0),
(896, 'MT-03', 101, 0, 0),
(897, 'MultiStrada', 74, 0, 0),
(898, 'MultStrada', 74, 0, 0),
(899, 'MURANO', 43, 0, 0),
(900, 'Musso', 125, 0, 0),
(901, 'Mustang', 22, 1, 0),
(902, 'MX-3', 38, 0, 0),
(903, 'MX-5', 38, 0, 0),
(904, 'MX-50', 65, 0, 0),
(905, 'M´BOY', 86, 0, 0),
(906, 'N-10', 116, 0, 0),
(907, 'N-12', 116, 0, 0),
(908, 'Navajo', 38, 0, 0),
(909, 'NAVIGATOR', 70, 1, 0),
(910, 'NEO', 101, 0, 0),
(911, 'Neon', 12, 0, 0),
(912, 'New', 33, 0, 0),
(913, 'New', 59, 1, 0),
(914, 'NH-12', 116, 0, 0),
(915, 'NIGHT', 77, 0, 0),
(916, 'NINJA', 85, 0, 0),
(917, 'Niva', 32, 0, 0),
(918, 'NIX', 88, 0, 0),
(919, 'NL-10', 116, 0, 0),
(920, 'NL-12', 116, 0, 0),
(921, 'NRG', 95, 0, 0),
(922, 'Nubira', 15, 0, 0),
(923, 'NX', 43, 0, 0),
(924, 'NX', 80, 0, 0),
(925, 'NX-4', 80, 0, 0),
(926, 'NXR', 80, 0, 0),
(927, 'Odyssey', 25, 1, 0),
(928, 'Oggi', 21, 1, 0),
(929, 'Omega', 23, 1, 0),
(930, 'ONE', 75, 0, 0),
(931, 'Opala', 23, 1, 0),
(932, 'Opirus', 31, 0, 0),
(933, 'Orbit', 151, 0, 0),
(934, 'Outback', 54, 0, 0),
(935, 'OUTLANDER', 41, 0, 0),
(936, 'P-114', 114, 0, 0),
(937, 'P-124', 114, 0, 0),
(938, 'P-270', 114, 0, 0),
(939, 'P-310', 114, 0, 0),
(940, 'P-340', 114, 0, 0),
(941, 'P-420', 114, 0, 0),
(942, 'P-93', 114, 0, 0),
(943, 'P-94', 114, 0, 0),
(944, 'Pajero', 41, 0, 0),
(945, 'Palio', 21, 1, 0),
(946, 'PALIO', 88, 0, 0),
(947, 'PALIO', 98, 0, 0),
(948, 'Pampa', 22, 1, 0),
(949, 'PAMPERA', 76, 0, 0),
(950, 'Panorama', 21, 1, 0),
(951, 'PANTANAL', 57, 0, 0),
(952, 'Parati', 59, 1, 0),
(953, 'Partner', 44, 1, 0),
(954, 'Paseo', 56, 1, 0),
(955, 'Passat', 59, 1, 0),
(956, 'PASSING', 96, 0, 0),
(957, 'Passport', 25, 1, 0),
(958, 'Pathfinder', 43, 0, 0),
(959, 'PEGASO', 62, 0, 0),
(960, 'PEGASUS', 151, 0, 0),
(961, 'PEOPLE', 86, 0, 0),
(962, 'PGO', 98, 0, 0),
(963, 'Phanter', 144, 0, 0),
(964, 'Picanto', 31, 0, 0),
(965, 'Pick-Up', 37, 0, 0),
(966, 'Pick-Up', 43, 0, 0),
(967, 'PISTA', 68, 0, 0),
(968, 'PLANET', 70, 1, 0),
(969, 'Pointer', 59, 1, 0),
(970, 'Polo', 59, 1, 0),
(971, 'POP', 80, 0, 0),
(972, 'Porter', 26, 0, 0),
(973, 'POWERSTAR', 122, 0, 0),
(974, 'PREDATOR', 73, 0, 0),
(975, 'Prelude', 25, 1, 0),
(976, 'Premio', 21, 1, 0),
(977, 'Previa', 56, 1, 0),
(978, 'PRIMA', 118, 0, 0),
(979, 'Primera', 43, 0, 0),
(980, 'Prince', 15, 0, 0),
(981, 'PRISMA', 23, 1, 0),
(982, 'Probe', 22, 1, 0),
(983, 'Protegé', 38, 0, 0),
(984, 'PT', 12, 0, 0),
(985, 'PUCH', 79, 0, 0),
(986, 'Punto', 21, 1, 0),
(987, 'Q7', 6, 0, 0),
(988, 'QM', 93, 0, 0),
(989, 'Quantum', 59, 1, 0),
(990, 'QUATTOR', 89, 0, 0),
(991, 'Quattroporte', 36, 0, 0),
(992, 'Quest', 43, 0, 0),
(993, 'QUOTA', 90, 0, 0),
(994, 'R', 67, 0, 0),
(995, 'R-112', 113, 0, 0),
(996, 'R-113', 114, 0, 0),
(997, 'R-114', 114, 0, 0),
(998, 'R-124', 114, 0, 0),
(999, 'R-142', 113, 0, 0),
(1000, 'R-143', 114, 0, 0),
(1001, 'R-164', 114, 0, 0),
(1002, 'R-420', 114, 0, 0),
(1003, 'R-440', 114, 0, 0),
(1004, 'R-470', 114, 0, 0),
(1005, 'R-500', 114, 0, 0),
(1006, 'Racer', 15, 0, 0),
(1007, 'RALLY', 62, 0, 0),
(1008, 'Ram', 17, 0, 0),
(1009, 'Range', 33, 0, 0),
(1010, 'Ranger', 22, 1, 0),
(1011, 'RAV4', 56, 1, 0),
(1012, 'RD', 101, 0, 0),
(1013, 'RDZ', 101, 0, 0),
(1014, 'RED', 73, 0, 0),
(1015, 'REPLICAS', 73, 0, 0),
(1016, 'Rexton', 125, 0, 0),
(1017, 'RF', 57, 0, 0),
(1018, 'RF', 99, 0, 0),
(1019, 'RM', 99, 0, 0),
(1020, 'RMX', 99, 0, 0),
(1021, 'ROAD', 77, 0, 0),
(1022, 'ROADSTER', 70, 1, 0),
(1023, 'ROCKET', 100, 0, 0),
(1024, 'Rodeo', 27, 0, 0),
(1025, 'ROYAL', 101, 0, 0),
(1026, 'Royale', 22, 1, 0),
(1027, 'RS', 62, 0, 0),
(1028, 'RS4', 6, 0, 0),
(1029, 'RS6', 6, 0, 0),
(1030, 'RSV', 62, 0, 0),
(1031, 'RT', 60, 0, 0),
(1032, 'RUNNER', 95, 0, 0),
(1033, 'RUNNER', 133, 0, 0),
(1034, 'RX', 34, 0, 0),
(1035, 'RX', 38, 0, 0),
(1036, 'RX', 62, 0, 0),
(1037, 'RX', 118, 0, 0),
(1038, 'S-320', 39, 0, 0),
(1039, 'S-420', 39, 0, 0),
(1040, 'S-500', 39, 0, 0),
(1041, 'S-500L', 39, 0, 0),
(1042, 'S-55', 39, 0, 0),
(1043, 'S-600', 39, 0, 0),
(1044, 'S-600/', 39, 0, 0),
(1045, 'S-63', 39, 0, 0),
(1046, 'S-65', 39, 0, 0),
(1047, 'S-Type', 28, 0, 0),
(1048, 'S10', 23, 1, 0),
(1049, 'S3', 6, 0, 0),
(1050, 'S4', 6, 0, 0),
(1051, 'S40', 58, 0, 0),
(1052, 'S6', 6, 0, 0),
(1053, 'S60', 58, 0, 0),
(1054, 'S70', 58, 0, 0),
(1055, 'S8', 6, 0, 0),
(1056, 'S80', 58, 0, 0),
(1057, 'SAFARI', 133, 0, 0),
(1058, 'Safrane', 48, 1, 0),
(1059, 'Samurai', 55, 0, 0),
(1060, 'SANDERO', 48, 1, 0),
(1061, 'Santa', 26, 0, 0),
(1062, 'Santana', 59, 1, 0),
(1063, 'Saturn', 23, 1, 0),
(1064, 'SAVAGE', 99, 0, 0),
(1065, 'Saveiro', 59, 1, 0),
(1066, 'SBR8', 66, 0, 0),
(1067, 'SC', 87, 0, 0),
(1068, 'SCARABEO', 62, 0, 0),
(1069, 'Scénic', 48, 1, 0),
(1070, 'SCOOT''ELEC', 94, 0, 0),
(1071, 'SCORPIO', 140, 0, 0),
(1072, 'Scoupe', 26, 0, 0),
(1073, 'SCRAMBLER', 100, 0, 0),
(1074, 'SCROSS', 97, 0, 0),
(1075, 'SE-500', 39, 0, 0),
(1076, 'Sebring', 12, 0, 0),
(1077, 'SENDA', 73, 0, 0),
(1078, 'Sentra', 43, 0, 0),
(1079, 'Sephia', 31, 0, 0),
(1080, 'SETA', 118, 0, 0),
(1081, 'SHADOW', 80, 0, 0),
(1082, 'Shamal', 36, 0, 0),
(1083, 'Shuma', 31, 0, 0),
(1084, 'Sidekick', 55, 0, 0),
(1085, 'Siena', 21, 1, 0),
(1086, 'Sierra', 23, 1, 0),
(1087, 'Silverado', 23, 1, 0),
(1088, 'SKEGIA', 63, 0, 0),
(1089, 'Skema', 126, 0, 0),
(1090, 'SL-280', 39, 0, 0),
(1091, 'SL-320', 39, 0, 0),
(1092, 'SL-350', 39, 0, 0),
(1093, 'SL-500', 39, 0, 0),
(1094, 'SL-55', 39, 0, 0),
(1095, 'SL-600', 39, 0, 0),
(1096, 'SL-63', 39, 0, 0),
(1097, 'SL-65', 39, 0, 0),
(1098, 'SLK-200', 39, 0, 0),
(1099, 'SLK-230', 39, 0, 0),
(1100, 'SLK-320', 39, 0, 0),
(1101, 'SLK-350', 39, 0, 0),
(1102, 'SLK-55', 39, 0, 0),
(1103, 'SM', 82, 0, 0),
(1104, 'SMR', 82, 0, 0),
(1105, 'SOFTAIL', 77, 0, 0),
(1106, 'Sonata', 26, 0, 0),
(1107, 'SONIC', 62, 0, 0),
(1108, 'Sorento', 31, 0, 0),
(1109, 'Space', 41, 0, 0),
(1110, 'SPACEFOX', 59, 1, 0),
(1111, 'SpaceVan', 23, 1, 0),
(1112, 'SPEED', 100, 0, 0),
(1113, 'SPEED', 145, 0, 0),
(1114, 'SPEEDAKE', 94, 0, 0),
(1115, 'SPEEDFIGHT', 94, 0, 0),
(1116, 'Spider', 3, 0, 0),
(1117, 'Spider', 36, 0, 0),
(1118, 'SPIDER', 146, 0, 0),
(1119, 'SPORT', 133, 0, 0),
(1120, 'Sportage', 31, 0, 0),
(1121, 'SportClassic', 74, 0, 0),
(1122, 'SPORTSTER', 77, 0, 0),
(1123, 'SPRINGER', 77, 0, 0),
(1124, 'SPRINT', 100, 0, 0),
(1125, 'Sprinter', 39, 0, 0),
(1126, 'Spyder', 36, 0, 0),
(1127, 'SPYDER', 92, 0, 0),
(1128, 'SQUAB', 94, 0, 0),
(1129, 'SR', 62, 0, 0),
(1130, 'SS', 74, 0, 0),
(1131, 'SS10', 23, 1, 0),
(1132, 'SST', 61, 0, 0),
(1133, 'ST-2', 74, 0, 0),
(1134, 'ST-4', 74, 0, 0),
(1135, 'Stanza', 43, 0, 0),
(1136, 'Stealth', 17, 0, 0),
(1137, 'Stilo', 21, 1, 0),
(1138, 'Strada', 21, 1, 0),
(1139, 'Strada/', 21, 1, 0),
(1140, 'STRALIS', 122, 0, 0),
(1141, 'Stratus', 12, 0, 0),
(1142, 'STREAM', 79, 0, 0),
(1143, 'STREET', 77, 0, 0),
(1144, 'STREET', 92, 0, 0),
(1145, 'STX', 98, 0, 0),
(1146, 'Suburban', 23, 1, 0),
(1147, 'Super', 15, 0, 0),
(1148, 'Super', 55, 0, 0),
(1149, 'SUPER', 61, 0, 0),
(1150, 'SUPER', 80, 0, 0),
(1151, 'SUPER', 92, 0, 0),
(1152, 'SUPER', 98, 0, 0),
(1153, 'SUPER', 118, 0, 0),
(1154, 'SUPER', 145, 0, 0),
(1155, 'SUPERDUKE', 87, 0, 0),
(1156, 'SUPERMOTO', 87, 0, 0),
(1157, 'Supra', 56, 1, 0),
(1158, 'Suprema', 23, 1, 0),
(1159, 'SVX', 54, 0, 0),
(1160, 'Swift', 55, 0, 0),
(1161, 'SX', 43, 0, 0),
(1162, 'SX', 87, 0, 0),
(1163, 'SXC', 87, 0, 0),
(1164, 'SXT', 61, 0, 0),
(1165, 'Syclone', 23, 1, 0),
(1166, 'T-100', 56, 1, 0),
(1167, 'T-112', 113, 0, 0),
(1168, 'T-112', 114, 0, 0),
(1169, 'T-113', 114, 0, 0),
(1170, 'T-114', 114, 0, 0),
(1171, 'T-124', 114, 0, 0),
(1172, 'T-142', 113, 0, 0),
(1173, 'T-143', 114, 0, 0),
(1174, 'T-4', 57, 0, 0),
(1175, 'T.BOY/', 111, 0, 0),
(1176, 'Taurus', 22, 1, 0),
(1177, 'TC', 82, 0, 0),
(1178, 'TCHAU', 61, 0, 0),
(1179, 'TDM', 101, 0, 0),
(1180, 'TDR', 101, 0, 0),
(1181, 'TE', 82, 0, 0),
(1182, 'Tempra', 21, 1, 0),
(1183, 'Terios', 16, 0, 0),
(1184, 'Terracan', 26, 0, 0),
(1185, 'Terrano', 43, 0, 0),
(1186, 'THRUXTON', 100, 0, 0),
(1187, 'THUNDER', 111, 0, 0),
(1188, 'Thunderbird', 22, 1, 0),
(1189, 'THUNDERBIRD', 100, 0, 0),
(1190, 'Tico', 15, 0, 0),
(1191, 'TIGER', 100, 0, 0),
(1192, 'Tigra', 23, 1, 0),
(1193, 'TIIDA', 43, 0, 0),
(1194, 'Tipo', 21, 1, 0),
(1195, 'TL', 99, 0, 0),
(1196, 'TN', 118, 0, 0),
(1197, 'Topic', 5, 0, 0),
(1198, 'TOUAREG', 59, 1, 0),
(1199, 'TOWN', 12, 0, 0),
(1200, 'Towner', 5, 0, 0),
(1201, 'Towner', 152, 0, 0),
(1202, 'TR', 151, 0, 0),
(1203, 'Tracker', 23, 1, 0),
(1204, 'Trafic', 23, 1, 0),
(1205, 'Trafic', 48, 1, 0),
(1206, 'Trajet', 26, 0, 0),
(1207, 'TREKKER', 94, 0, 0),
(1208, 'TRIBECA', 54, 0, 0),
(1209, 'Triciclo', 69, 0, 0),
(1210, 'TRIDENT', 100, 0, 0),
(1211, 'TROPHY', 100, 0, 0),
(1212, 'TRX', 80, 0, 0),
(1213, 'TRX', 101, 0, 0),
(1214, 'TT', 6, 0, 0),
(1215, 'TT', 100, 0, 0),
(1216, 'TT-R', 101, 0, 0),
(1217, 'Tucson', 26, 0, 0),
(1218, 'TURBO', 68, 0, 0),
(1219, 'Twingo', 48, 1, 0),
(1220, 'TX', 76, 0, 0),
(1221, 'TXT', 76, 0, 0),
(1222, 'ULC', 147, 0, 0),
(1223, 'ULYSSES', 117, 0, 0),
(1224, 'Uno', 21, 1, 0),
(1225, 'Utility', 136, 0, 0),
(1226, 'V-MAX', 101, 0, 0),
(1227, 'V-RAPTOR', 70, 1, 0),
(1228, 'V-ROD', 77, 0, 0),
(1229, 'V11', 90, 0, 0),
(1230, 'V40', 58, 0, 0),
(1231, 'V50', 58, 0, 0),
(1232, 'V70', 58, 0, 0),
(1233, 'VALKYRIE', 80, 0, 0),
(1234, 'Van', 59, 1, 0),
(1235, 'Vblade', 98, 0, 0),
(1236, 'VC', 72, 0, 0),
(1237, 'Vectra', 23, 1, 0),
(1238, 'VERACRUZ', 26, 0, 0),
(1239, 'Veraneio', 23, 1, 0),
(1240, 'Verona', 22, 1, 0),
(1241, 'Versailles', 22, 1, 0),
(1242, 'VESPA', 95, 0, 0),
(1243, 'VF', 72, 0, 0),
(1244, 'Vision', 12, 0, 0),
(1245, 'Vitara', 55, 0, 0),
(1246, 'VITE', 126, 0, 0),
(1247, 'VIVACITY', 94, 0, 0),
(1248, 'Vivio', 54, 0, 0),
(1249, 'VM', 116, 0, 0),
(1250, 'VM-17', 116, 0, 0),
(1251, 'VM-23', 116, 0, 0),
(1252, 'VOLARE', 108, 0, 0),
(1253, 'Voyage', 59, 1, 0),
(1254, 'VOYAGER', 85, 0, 0),
(1255, 'VS', 72, 0, 0),
(1256, 'VT', 72, 0, 0),
(1257, 'VT', 80, 0, 0),
(1258, 'VTX', 80, 0, 0),
(1259, 'VULCAN', 85, 0, 0),
(1260, 'VX', 72, 0, 0),
(1261, 'VX', 99, 0, 0),
(1262, 'W-16', 70, 1, 0),
(1263, 'Wagon', 55, 0, 0),
(1264, 'WAY', 118, 0, 0),
(1265, 'Web', 98, 0, 0),
(1266, 'WIN', 118, 0, 0),
(1267, 'Windstar', 22, 1, 0),
(1268, 'WR', 82, 0, 0),
(1269, 'WR', 101, 0, 0),
(1270, 'Wrangler', 29, 0, 0),
(1271, 'WRE', 82, 0, 0),
(1272, 'WY', 135, 0, 0),
(1273, 'X-TRAIL', 43, 0, 0),
(1274, 'X-Type', 28, 0, 0),
(1275, 'X3', 7, 0, 0),
(1276, 'X5', 7, 0, 0),
(1277, 'X6', 7, 0, 0),
(1278, 'Xantia', 13, 1, 0),
(1279, 'XC', 58, 0, 0),
(1280, 'XF', 28, 0, 0),
(1281, 'XJ', 28, 0, 0),
(1282, 'XJ', 101, 0, 0),
(1283, 'XJ-12', 28, 0, 0),
(1284, 'XJ-6', 28, 0, 0),
(1285, 'XJ-8', 28, 0, 0),
(1286, 'XJR', 28, 0, 0),
(1287, 'XJR', 101, 0, 0),
(1288, 'XJS', 28, 0, 0),
(1289, 'XJS-C', 28, 0, 0),
(1290, 'XK-8', 28, 0, 0),
(1291, 'XKR', 28, 0, 0),
(1292, 'XL', 77, 0, 0),
(1293, 'XL', 80, 0, 0),
(1294, 'XLR', 80, 0, 0),
(1295, 'XLX', 80, 0, 0),
(1296, 'XM', 13, 1, 0),
(1297, 'XR', 80, 0, 0),
(1298, 'XRT', 92, 0, 0),
(1299, 'Xsara', 13, 1, 0),
(1300, 'XT', 101, 0, 0),
(1301, 'XTerra', 43, 0, 0),
(1302, 'XTZ', 101, 0, 0),
(1303, 'XV', 101, 0, 0),
(1304, 'XVS', 101, 0, 0),
(1305, 'XY', 134, 0, 0),
(1306, 'YB', 130, 0, 0),
(1307, 'YBR', 101, 0, 0),
(1308, 'YFM', 101, 0, 0),
(1309, 'YFS', 101, 0, 0),
(1310, 'YFZ', 101, 0, 0),
(1311, 'YS', 101, 0, 0),
(1312, 'YZ', 101, 0, 0),
(1313, 'YZF', 101, 0, 0),
(1314, 'Z', 85, 0, 0),
(1315, 'Z3', 7, 0, 0),
(1316, 'Z4', 7, 0, 0),
(1317, 'Z8', 7, 0, 0),
(1318, 'Zafira', 23, 1, 0),
(1319, 'ZANELLA', 68, 0, 0),
(1320, 'ZENITH', 94, 0, 0),
(1321, 'ZING', 86, 0, 0),
(1322, 'ZIP', 95, 0, 0),
(1323, 'ZX', 13, 1, 0),
(1324, 'ZX', 43, 0, 0),
(1325, 'ZX-14', 85, 0, 0),
(1326, 'ZZR', 85, 0, 0),
(0, 'Não informado', 0, 0, 1),
(1328, 'TL 1975', 59, 1, 0),
(1329, 'Brasilia', 59, 1, 0),
(1330, 'Corcel I', 22, 1, 0);

-- --------------------------------------------------------

--
-- Estrutura da tabela `fla_nfes`
--

CREATE TABLE IF NOT EXISTS `fla_nfes` (
  `cod_nfe` int(11) NOT NULL AUTO_INCREMENT,
  `cod_cliente` int(6) NOT NULL,
  `cod_rotatividade` int(11) NOT NULL,
  `cod_mensalidade_usuario` int(6) NOT NULL,
  `dat_criacao` datetime DEFAULT NULL,
  `dat_enviado` datetime DEFAULT NULL,
  `ind_enviado` int(11) NOT NULL DEFAULT '0',
  `nom_arquivo` varchar(100) NOT NULL,
  PRIMARY KEY (`cod_nfe`)
) ENGINE=MyISAM DEFAULT CHARSET=latin1 AUTO_INCREMENT=1 ;

--
-- Extraindo dados da tabela `fla_nfes`
--


-- --------------------------------------------------------

--
-- Estrutura da tabela `fla_precos`
--

CREATE TABLE IF NOT EXISTS `fla_precos` (
  `cod_preco` int(10) unsigned NOT NULL AUTO_INCREMENT,
  `des_preco` varchar(50) NOT NULL,
  `val_minimo` decimal(5,2) NOT NULL,
  `tip_cobranca` char(1) NOT NULL,
  `val_hora` decimal(5,2) DEFAULT NULL,
  `val_fracao` decimal(5,2) DEFAULT NULL,
  `tem_tolerancia` int(2) NOT NULL DEFAULT '10',
  `val_diaria` decimal(5,2) DEFAULT NULL,
  `tem_diaria` int(2) DEFAULT '8',
  `tem_minimo` int(2) DEFAULT '30',
  PRIMARY KEY (`cod_preco`)
) ENGINE=MyISAM  DEFAULT CHARSET=latin1 CHECKSUM=1 DELAY_KEY_WRITE=1 ROW_FORMAT=DYNAMIC AUTO_INCREMENT=5 ;

--
-- Extraindo dados da tabela `fla_precos`
--

INSERT INTO `fla_precos` (`cod_preco`, `des_preco`, `val_minimo`, `tip_cobranca`, `val_hora`, `val_fracao`, `tem_tolerancia`, `val_diaria`, `tem_diaria`, `tem_minimo`) VALUES
(1, 'Rotativo', '2.50', 'H', '3.00', '2.50', 15, '10.00', 8, 30),
(2, 'Eventos', '50.00', 'F', '0.00', '0.00', 10, NULL, 8, 30),
(3, 'Formatura', '15.00', 'F', NULL, NULL, 10, NULL, 8, 30);

-- --------------------------------------------------------

--
-- Estrutura da tabela `fla_rotatividade`
--

CREATE TABLE IF NOT EXISTS `fla_rotatividade` (
  `cod_rotatividade` int(10) unsigned NOT NULL AUTO_INCREMENT,
  `des_placa` varchar(10) DEFAULT NULL,
  `hor_entrada` time DEFAULT NULL,
  `hor_saida` time DEFAULT NULL,
  `dat_cadastro` date DEFAULT NULL,
  `dat_saida` date DEFAULT NULL,
  `cod_preco` int(1) DEFAULT NULL,
  `val_total` decimal(5,2) DEFAULT NULL,
  `val_cobrado` decimal(5,2) DEFAULT NULL,
  `des_justificativa` varchar(200) DEFAULT NULL,
  `des_situacao` char(1) DEFAULT NULL,
  `cod_cartao` int(6) NOT NULL,
  `tem_permanencia` varchar(5) DEFAULT NULL,
  `val_desconto` decimal(5,2) DEFAULT '0.00',
  `cod_desconto` int(6) DEFAULT NULL,
  PRIMARY KEY (`cod_rotatividade`)
) ENGINE=MyISAM DEFAULT CHARSET=latin1 AUTO_INCREMENT=1 ;

--
-- Extraindo dados da tabela `fla_rotatividade`
--


-- --------------------------------------------------------

--
-- Estrutura da tabela `fla_usuarios`
--

CREATE TABLE IF NOT EXISTS `fla_usuarios` (
  `cod_usuario` int(6) NOT NULL AUTO_INCREMENT,
  `nom_usuario` varchar(100) DEFAULT NULL,
  `des_login` varchar(100) DEFAULT NULL,
  `des_senha` varchar(100) DEFAULT NULL,
  `cod_tipo` int(1) NOT NULL DEFAULT '1',
  `ind_ativo` int(1) DEFAULT '1',
  PRIMARY KEY (`cod_usuario`)
) ENGINE=MyISAM  DEFAULT CHARSET=latin1 AUTO_INCREMENT=4 ;

--
-- Extraindo dados da tabela `fla_usuarios`
--

INSERT INTO `fla_usuarios` (`cod_usuario`, `nom_usuario`, `des_login`, `des_senha`, `cod_tipo`, `ind_ativo`) VALUES
(1, 'Denis Brandl', 'denis', 'denis', 2, 1);
